Review,Rating
"John Doe 5/5
Amazing product! Highly recommend.",5.0
"Jane Smith 4/5
Good value for money. Will buy again.",4.0
"Mike Brown 3/5
It's okay, but I expected better quality.",3.0
"Emily White 5/5
Exceeded my expectations. Fantastic!",5.0
"Chris Green 2/5
Not worth the price. Poor quality.",2.0
"Sarah Blue 4/5
Very satisfied with the product.",4.0
"Paul Yellow 3/5
Decent, but not exceptional.",3.0
"Lucy Violet 5/5
Fantastic quality, worth every penny!",5.0
"Oscar Grey 1/5
Terrible experience. Not recommended.",1.0
"Maggie Orange 5/5
This product changed my life!",5.0
"Tom Silver 4/5
Good product, but shipping took too long.",4.0
"Linda Brown 3/5
It's fine, but not as described.",3.0
"Peter Red 5/5
Best product I've ever used!",5.0
"Anna Green 4/5
Satisfied with the purchase.",4.0
"Harry Black 2/5
Not what I expected. Disappointed.",2.0
"Sophia White 5/5
Absolutely love it!",5.0
"James Gold 3/5
Average product, nothing special.",3.0
"Olivia Pink 4/5
Great product, but a bit expensive.",4.0
"Liam Cyan 5/5
Exceeded all my expectations!",5.0
"Ella Amber 4/5
Good quality, fast delivery.",4.0
"Jacob Indigo 3/5
It's okay, but could be improved.",3.0
"Emma Lime 2/5
Not worth the hype.",2.0
"Noah Teal 5/5
Perfect! Just what I needed.",5.0
"Mia Navy 4/5
Good purchase overall.",4.0
"Ethan White 3/5
It's okay, but not great.",3.0
"Ava Crimson 4/5
Solid product for the price.",4.0
"William Aqua 5/5
Absolutely amazing quality!",5.0
